RR_Gnarly,Withdrawal*
pmourinho,DNS*
GTMX-JmmL,DNS*
Barrelz32,DNS*
Erckie,DNS*
rafes90,DNS*
theschledy,DNS*
Maximus_33519,DNS*
chrystopt,DNS*
scotty540skyline,DNS*
Mikhail24RD,DNS*
GTMX-El_Aliens87,DNS*
jmigueld1,DNS*
Dynamic_Carbon_,DNS*
GTMX-Billox86,DNS*
Turismo-Deafsun,DNF
Turismo-FiveS,DNF
edincrivel,DNF*
Turismo-Lamb,1+
Turismo-Cooper,1+
VLX_Nova,1
TNTR_MaxBailey,1
DNA_Judoka,1
VLX_JL,2+
VLX_Felix,2
VLX_Chewy,2
DNA_ninety3,2
Turismo-Limbo,2
FernandoRif,3
Er_Pachito,3
Kinetic-Fullness,3
TSF_Dawson,3
GTMX-THANATOS,3
AMS_Stinky,4
ismadelik,4
Turismo-DJ,4
DNA_DrLoveJuice,4
fubuki2007,4
Kinetic-Neutron,5
Kinetic-X11,5
AMS_Redline,5
DNA_Stag,5
Will_R_S,5
TSF_Tigertom,7+
AZR_Saurezl4l,6*
M_O_P_Racer,6
AZR_DanielGTZ,6
TonyIsInSpace,6
JaG83D83,6
EbrahimFARacing,6
TSF_VitmnG,7*
NickHeathfield,7
vlaiv19,7
Aweoob,8
Kinetic-Shifter,8
Gunslinger_Nunu,8
KaladinStrmbless,8
binarytheory,9
Kinetic-RL20-II,9
bnop9001,9
RR_Arrowhead,10*
AZR_vcmost01,10
bizzle_5,10
PaMiGo-13,11
yuma081512,11
W1holesale,11
RR_305racing,12
MRmisterperson,12
Xx4d3lio-PTxX,13
ILR_Phantom_Zero,13
Hunty_The_Punty,*
RR_Gelspeed,
TR_Thamaga,*